"Authors","Author full names","Author(s) ID","Title","Year","Source title","Link","EID"
"Freitas J.F.; Oliveira T.T.; Agnez-Lima L.F.","Freitas, Júlia Firme (57220486817); Oliveira, Thais Teixeira (57204454676); Agnez-Lima, Lucymara Fassarella (6602865106)","57220486817; 57204454676; 6602865106","Metaviromic reveals the dynamics and diversity of the virosphere in wastewater samples from Natal, Brazil","2024","Environmental Pollution","https://www.scopus.com/inward/record.uri?eid=2-s2.0-85201440492&doi=10.1016%2fj.envpol.2024.124752&partnerID=40&md5=97ac924ada0111b25ee5678935ff727c","2-s2.0-85201440492"
"de Carvalho Matias E.G.; Bezerra K.S.; Costa A.H.L.; Clemente Junior W.S.; Oliveira J.I.N.; Ribeiro Junior L.A.; Galvão D.S.; Fulco U.L.","de Carvalho Matias, E.G. (58983494100); Bezerra, K.S. (57189309901); Costa, A. H. Lima (57952405300); Clemente Junior, W.S. (57209334780); Oliveira, J.I.N. (36998071700); Ribeiro Junior, L.A. (55622152600); Galvão, D.S. (7005465927); Fulco, U.L. (6603387870)","58983494100; 57189309901; 57952405300; 57209334780; 36998071700; 55622152600; 7005465927; 6603387870","Quantum biochemical analysis of the TtgR regulator and effectors","2024","Scientific Reports","https://www.scopus.com/inward/record.uri?eid=2-s2.0-85190260762&doi=10.1038%2fs41598-024-58441-9&partnerID=40&md5=735242e29f6881712ce6392c7a21c188","2-s2.0-85190260762"
"Islam M.R.; Sharma S.; Yeasir Arafat S.; Dev Bairagi R.; Tayyeb J.Z.; Bayıl I.; Morais G.C.D.F.; H Abdellattif M.; Abdelkrim G.; Oliveira J.I.N.","Islam, Md Rezaul (57567318400); Sharma, Shankar (59238703800); Yeasir Arafat, Sk (59238559700); Dev Bairagi, Rahul (58776521500); Tayyeb, Jehad Zuhair (57205654031); Bayıl, Imren (58075625200); Morais, Gabriel Christian de Farias (58494199300); H Abdellattif, Magda (59238703900); Abdelkrim, GUENDOUZI (53879596900); Oliveira, Jonas Ivan Nobre (36998071700)","57567318400; 59238703800; 59238559700; 58776521500; 57205654031; 58075625200; 58494199300; 59238703900; 53879596900; 36998071700","Identification of new inhibitors for the avian H1N1 virus through molecular docking and dynamic simulation approaches","2024","Journal of the Indian Chemical Society","https://www.scopus.com/inward/record.uri?eid=2-s2.0-85199883716&doi=10.1016%2fj.jics.2024.101274&partnerID=40&md5=98bfcc3bfe32650b9a0645e0d3318ace","2-s2.0-85199883716"
"Azevedo K.S.; de Souza L.C.; Coutinho M.G.F.; de M. Barbosa R.; Fernandes M.A.C.","Azevedo, Karolayne S. (58139278100); de Souza, Luísa C. (58139496100); Coutinho, Maria G. F. (57208260908); de M. Barbosa, Raquel (59204729200); Fernandes, Marcelo A. C. (7202947679)","58139278100; 58139496100; 57208260908; 59204729200; 7202947679","Deepvirusclassifier: a deep learning tool for classifying SARS-CoV-2 based on viral subtypes within the coronaviridae family","2024","BMC Bioinformatics","https://www.scopus.com/inward/record.uri?eid=2-s2.0-85197484262&doi=10.1186%2fs12859-024-05754-1&partnerID=40&md5=5e567a88dc1c47c45f28f9efeb54eb93","2-s2.0-85197484262"
"Pérez-Jurado L.A.; Cáceres A.; Balagué-Dobón L.; Esko T.; López de Heredia M.; Quintela I.; Cruz R.; Lapunzina P.; Carracedo Á.; González J.R.; Abellán J.; Acosta-Isaac R.; Aguado J.M.; Aguilar C.; Aguilera-Albesa S.; Ahmadi Sabbagh A.; Alba J.; Albu S.; Alcalá-Gallardo K.A.M.; Alcoba-Florez J.; Alcolea Batres S.; Algarin-Lara H.R.; Almadana V.; Medeiros K.A.; Almeida J.; Almoguera B.; Alonso M.R.; Álvarez N.; Álvarez-Sala Walther R.; Álvarez-Benítez Y.; Álvarez-Navia F.; dos Santos K.A.; Andreu-Bernabeu Á.; Antonijoan M.R.; Martínez-Aquino E.; Arana-Arri E.; Aranda C.; Arango C.; Araque C.; Araujo N.K.; Arcanjo A.C.; Arnaiz A.; Arnalich Fernández F.; Arranz M.J.; Arribas López J.R.; Artiga M.-J.; Avello-Malaver Y.; Ayuso C.; Ballina Martín B.; Baptista-Rosas R.C.; Baldion A.M.; Barranco-Díaz A.; Barreda-Sánchez M.; Barrera-Penagos V.; Belhassen-Garcia M.; Bernal-Bello D.; Bernal E.; Bezerra J.F.; Bezerra M.A.C.; Blanca-López N.; Blancas R.; Boix-Palop L.; Borobia A.; Bravo E.; Brion M.; Brochado-Kith Ó.; Brugada R.; Bustos M.; Cabello A.; Cáceres-Agra J.J.; Calbo E.; Calderón E.J.; Camacho S.; Ceballos F.C.; Cañadas Y.; Carbonell C.; Cardona-Huerta S.; Sánchez-Carpintero Abad M.; Carpio Segura C.; Carrillo-Avila J.A.; Campos M.C.; Casasnovas C.; Castaño L.; Castaño C.F.; Castelao J.E.; Castellano Candalija A.; Castillo M.A.; Chaves-Santiago W.G.; Chiquillo-Gómez S.; Cid-López M.A.; Cienfuegos-Jiménez Ó.; Conde-Vicente R.; Cunha G.C.R.; Cordero-Lorenzana M.L.; Corella D.; Corrales A.; Cortés-Sánchez J.L.; Corton M.; Souza K.S.C.; Silva F.T.C.; Cuesta L.; Tavares N.A.C.; Carvalho M.C.C.; Dalmau D.; Dantas-Komatsu R.C.S.; Darnaude M.T.; de Andrés R.; de Juan C.; de la Cruz Troca J.J.; de la Horra C.; de la Hoz A.B.; De Martino-Rodríguez A.; Cruz M.S.; de Sousa Alves Neri J.L.; del Campo-Pérez V.; Delgado-Cuesta J.; Diaz de Bustamante A.; Díaz-Pérez A.; Dietl B.; Diz-de Almeida S.; do Monte Alves M.; Domínguez-Garrido E.; Rosa L.S.; Luchessi A.D.; Echave-Sustaeta J.; Eiros R.; Enciso-Olivera C.O.; Escudero G.; España P.P.; Estigarribia Sanabria G.; Fariñas M.C.; Fernández R.; Fernández-Caballero L.; Fernández-Cruz A.; Fernández-Ferrero S.; Fernández Martínez Y.; Fernandez-Nestosa M.J.; Fernández-Robelo U.; Fernández-Rodríguez A.; Fernández-Sampedro M.; Fernández R.; Fernández-Villa T.; Fernández-Capitán C.; Carioca A.A.F.; Flores-Pérez P.; Fuenmayor-Hernández L.; Fuertes-Núñez M.; Fumadó V.; Gadea I.; Gagliardi L.; Gago-Domínguez M.; Gallego N.; Galoppo C.; García-Soidán A.; García-Cerrada C.; García-de-Vicuña A.; Garcia-García J.; García-García I.; García-Ibarbia C.; García-Montero A.C.; García L.; García M.; García Torrejón M.C.; García I.; García-Vázquez E.; Garza-Frias E.; Gentile A.; Gil-Fournier B.; de Araújo J.N.G.; Gómez-Duque M.; Gómez-Arrue J.; Gómez Carrera L.; Gómez García M.; Gómez Sacristán Á.; González-Neira A.; González Álvarez B.; González Bernaldo de Quirós F.; González-Montelongo R.; González-Peñas J.; Gonzalez-Sagrado M.; Gonzalo-Benito H.; Gorgojo-Galindo O.; Górgolas M.; Guaragna F.; Chaux J.G.; Guillén-Navarro E.; Guillén-Guío B.; Guisado-Vasco P.; Gutiérrez-Castañeda L.D.; Gutiérrez-Bautista J.F.; Heili-Frades S.; Jacomo R.H.; Hernández E.; Hernández-Moro C.; Hernández-Ortega L.D.; Hernández-Pérez G.; Hernández-Vaquero R.; Herráez B.; Herranz M.T.; Herrera M.; Herrero M.J.; Herrero-González A.; Horcajada J.P.; Imaz-Ayo N.; Intxausti-Urrutibeaskoa M.; Íñigo-Campos A.; Íñiguez M.; Jara R.; Jiménez Á.; Jiménez-Alfaro I.; Jiménez P.; Jiménez-Sousa M.A.; Jordan I.; Laguna-Goya R.; Laorden D.; Lasa-Lázaro M.; Lattig M.C.; Lauriente A.; Liger Borja A.; Llanos L.; López-Bernús A.; Lopez-Garcia E.; López-Granados E.; Lopez-Rodriguez R.; López-Ruz M.A.; Lorente L.; Lorenzo-Salazar J.M.; Lozano J.E.; Lozano-Espinosa M.; Mahillo I.; Mancebo E.; Mar C.; Marcelo Calvo C.; Marcos-Delgado A.; Marcos M.; Marín-Candón A.; Mariscal-Aguilar P.; Martin-Pedraza L.; Martin-Fernandez M.; Martín-López C.; Martín-Oterino J.-Á.; Martín M.D.; Martín V.; Martín M.M.; Martín-Vicente M.; Martinez A.; Martínez-González Ó.; Martínez R.; Martinez-Paz P.; Díaz-Caneja C.M.; Martínez-Nieto Ó.; Martínez-López I.; Martínez-Reséndez M.F.; Martínez S.; Martínez J.J.; Martínez-Pérez Á.; Martínez-Ramas A.; Martínez-Robles V.; Marzal L.; Mazzeu J.F.; Medrano F.J.; Meijome X.M.; Mejuto-Montero N.; Mendes I.; Duarte A.L.; Méndez-Echevarría A.; Mendoza Charris H.; Merayo Macías E.; Mercadillo F.; Mercado-Sesma A.R.; Mínguez P.; Molina-Roldán E.; Molina A.J.J.; Montoya J.J.; Pinho S.M.T.; Moreira-Escriche P.; Morelos-Arnedo X.; Moreno R.; Moreno Cuerda V.; Moreno-Docón A.; Moreno-Escalante J.; Moreno Fernández A.; Muñoz García P.; Neira P.; Nevado J.; Nieto-Gañán I.; Silbiger V.N.; Nuñez-Torres R.; Obrador-Hevia A.; Ocejo-Vinyals J.G.; Olivar V.; Oliveira S.F.; Ondo L.; Orfao A.; Ortega-Paino E.; Ortega L.; Ortiz-López R.; Ortiz-Flores F.; Oteo J.A.; Pacheco M.; Pacheco-Miranda F.J.; Padilla-Conejo I.; Panadero-Fajardo S.; Parellada M.; Pariente-Rodríguez R.; Friaza V.; Paz-Artal E.; Peces-Barba G.; Pedromingo Kus M.S.; Perales C.; Santos N.P.C.; Guegel G.P.; Pérez M.J.; Pérez A.; Pérez-Matute P.; Pérez C.; Pérez-de-Nanclares G.; Pérez-García F.; Pérez P.; Pérez-Tomás M.E.; Perucho T.; Pichardo L.A.; Ribeiro A.P.; Pinsach-Abuin M.; Pinzón L.A.; Medeiros J.F.P.; Pita G.; Pla-Juncà F.; Planas-Serra L.; Pompa-Mera E.N.; Porras-Hurtado G.L.; Pujol A.; Quevedo-Chávez M.E.; Quijada M.A.; Ramiro-León S.; Rascado Sedes P.; Nunes J.F.R.; Recalde D.; Recio-Fernández E.; Resino S.; Sousa R.R.; Rivadeneira-Chamorro C.S.; Roa-Agudelo D.; Robelo Pardo M.; Fernandes M.R.; Rodríguez-Hernández M.A.; Rodriguez-Palmero A.; Rodríguez-Ruiz E.; Rodriguez M.J.; Rodríguez-Artalejo F.; Rodríguez-Ferrer M.; Rodríguez-Gallego C.; Rodríguez-García J.A.; Maya B.R.; Rodriguez-Nicolas A.; Rodríguez-Novoa G.E.; Rodriguez-Urrego P.A.; Rojo F.; Romero-Coronado A.; Morilla R.; Rondón-García F.; Rosales-Castillo A.; Rubio C.; Olivera M.R.; Ruiz-Cabello F.; Ruiz-Casares E.; Ruiz-Cubillan J.J.; Ruiz-Hornillos J.; Ruiz M.; Ryan P.; Salamanca H.D.; Salazar-García L.; Salgueiro-Origlia G.G.; Sangil A.; Sánchez-Pernaute O.; Sánchez P.-L.; Sánchez López A.J.; Sánchez-Pablo C.; Sánchez-Prados M.C.; Sánchez-Real J.; Sánchez-Redondo J.; Sancho-Sainz C.; Sande E.; Santos A.; Schlüter A.; Segovia S.; Serra-Llovich A.; Sevil-Puras F.; Sevilla-Porras M.; Sicolo M.A.; Silván-Fuentes C.; Moraes V.M.S.; Souza V.S.; Solé-Violán J.; Soria J.M.; Sorlí J.V.; Silva N.S.; Souto J.C.; Sprockel J.J.; Suárez-Rama J.J.; Suárez-Zamora D.A.; Taboada-Fraga X.; Tamayo E.; Tamayo-Velasco A.; Taracido-Fernández J.C.; Vasconcelos R.H.T.; Tellería C.; Carratto T.M.T.; Tenorio-Castaño J.A.; Teper A.; Araujo I.M.T.; Torres-Macho J.; Torres-Tobar L.; Torres-Gutiérrez R.P.; Troya J.; Urioste M.; Valencia-Ramos J.; Valido A.; Vargas-Gallo J.P.; Varón B.; Vega T.; Velasco-Quirce S.; Vélez-Santamaría V.; Víctor V.; Vidán-Estévez J.; Silva G.V.; Vieitez-Santiago M.; Vilches C.; Villalobos L.; Villar F.; Villar-Garcia J.; Villaverde C.; Villoslada-Blanco P.; Virseda-Berdices A.; Costa T.X.; Yáñez Z.; Zapatero-Gaviria A.; Zarate R.; Zazo S.; Flores C.; Riancho J.A.; Rojas-Martinez A.; Ángel C.","Pérez-Jurado, Luis A. (7004218993); Cáceres, Alejandro (27567541300); Balagué-Dobón, Laura (57564950400); Esko, Tonu (57216576986); López de Heredia, Miguel (6507585235); Quintela, Inés (15722586200); Cruz, Raquel (7102548402); Lapunzina, Pablo (57214815403); Carracedo, Ángel (58506501800); González, Juan R. (35069374200); Abellán, Javier (59264748100); Acosta-Isaac, René (57224643285); Aguado, Jose María (56517102500); Aguilar, Carlos (57213219123); Aguilera-Albesa, Sergio (11739427700); Ahmadi Sabbagh, Abdolah (59137566300); Alba, Jorge (24398562700); Albu, Sergiu (59264405800); Alcalá-Gallardo, Karla A. M. (57572507600); Alcoba-Florez, Julia (8689700800); Alcolea Batres, Sergio (55295873400); Algarin-Lara, Holmes Rafael (57572454200); Almadana, Virginia (9239084600); Medeiros, Kelliane A. (55098182600); Almeida, Julia (26643361700); Almoguera, Berta (57205358097); Alonso, María R. (35197824300); Álvarez, Nuria (57215501494); Álvarez-Sala Walther, Rodolfo (57966298000); Álvarez-Benítez, Yady (57572507700); Álvarez-Navia, Felipe (6507960732); dos Santos, Katiusse A. (57572454400); Andreu-Bernabeu, Álvaro (56748038900); Antonijoan, Maria Rosa (57572454500); Martínez-Aquino, Eleno (6506020522); Arana-Arri, Eunate (57193355469); Aranda, Carlos (57572507800); Arango, Celso (6508338058); Araque, Carolina (17343392600); Araujo, Nathalia K. (57572471600); Arcanjo, Ana C. (35725159400); Arnaiz, Ana (16834531500); Arnalich Fernández, Francisco (58191547900); Arranz, María J. (57210677495); Arribas López, José Ramón (58998479700); Artiga, Maria-Jesús (6602262777); Avello-Malaver, Yubelly (57572471700); Ayuso, Carmen (35236190100); Ballina Martín, Belén (58994363900); Baptista-Rosas, Raúl C. (16743479700); Baldion, Ana María (57225939871); Barranco-Díaz, Andrea (57572508000); Barreda-Sánchez, María (57015561600); Barrera-Penagos, Viviana (57218791765); Belhassen-Garcia, Moncef (16642005200); Bernal-Bello, David (35785803100); Bernal, Enrique (10039155200); Bezerra, Joao F. (55851513000); Bezerra, Marcos A. C. (15847887500); Blanca-López, Natalia (16835888500); Blancas, Rafael (6603223429); Boix-Palop, Lucía (57192544461); Borobia, Alberto (36899946400); Bravo, Elsa (58714345600); Brion, María (7006040163); Brochado-Kith, Óscar (57208146191); Brugada, Ramón (7004426039); Bustos, Matilde (35591197900); Cabello, Alfonso (57193703059); Cáceres-Agra, Juan J. (26029700700); Calbo, Esther (6508198510); Calderón, Enrique J. (7102916409); Camacho, Shirley (57572471800); Ceballos, Francisco C. (26532222600); Cañadas, Yolanda (57572394000); Carbonell, Cristina (57204263827); Cardona-Huerta, Servando (6505931040); Sánchez-Carpintero Abad, María (37039870100); Carpio Segura, Carlos (36766752000); Carrillo-Avila, José Antonio (56641755600); Campos, Marcela C. (57572489700); Casasnovas, Carlos (55995300800); Castaño, Luis (7006811261); Castaño, Carlos F. (57572489800); Castelao, Jose E. (6602099919); Castellano Candalija, Aranzazu (57194450886); Castillo, María A. (58549480900); Chaves-Santiago, Walter G. (56536936500); Chiquillo-Gómez, Sylena (57572394100); Cid-López, Marco A. (57572472000); Cienfuegos-Jiménez, Óscar (57572472100); Conde-Vicente, Rosa (55327139200); Cunha, Gabriela C. R. (57572508200); Cordero-Lorenzana, M. Lourdes (57218947590); Corella, Dolores (7003570538); Corrales, Almudena (36909857900); Cortés-Sánchez, Jose L. (57386760300); Corton, Marta (23984106100); Souza, Karla S. C. (57572490100); Silva, Fabiola T. C. (57572413500); Cuesta, Luisa (57572435300); Tavares, Nathali A. C. (57572454700); Carvalho, Maria C. C. (57572508400); Dalmau, David (6603731653); Dantas-Komatsu, Raquel C. S. (57221975895); Darnaude, M. Teresa (6508037635); de Andrés, Raimundo (6603418394); de Juan, Carmen (57223886857); de la Cruz Troca, Juan J. (7101860531); de la Horra, Carmen (6603311903); de la Hoz, Ana B. (57027474500); De Martino-Rodríguez, Alba (23097321600); Cruz, Marina S. (57189903518); de Sousa Alves Neri, Julianna Lys (57225943844); del Campo-Pérez, Victor (6506449948); Delgado-Cuesta, Juan (58968927000); Diaz de Bustamante, Aranzazu (6603259408); Díaz-Pérez, Anderson (57202080159); Dietl, Beatriz (57193886355); Diz-de Almeida, Silvia (57572490200); do Monte Alves, Manoella (57217075717); Domínguez-Garrido, Elena (40261383900); Rosa, Lidia S. (57305928800); Luchessi, Andre D. (58163344000); Echave-Sustaeta, Jose (6701421100); Eiros, Rocío (54385054300); Enciso-Olivera, César O. (54879326100); Escudero, Gabriela (57190294944); España, Pedro Pablo (7003831102); Estigarribia Sanabria, Gladys (57220185062); Fariñas, María Carmen (59284296000); Fernández, Ramón (58714812200); Fernández-Caballero, Lidia (57216471618); Fernández-Cruz, Ana (56670945300); Fernández-Ferrero, Silvia (58519444700); Fernández Martínez, Yolanda (59137110300); Fernandez-Nestosa, María J. (9271493500); Fernández-Robelo, Uxía (57572454800); Fernández-Rodríguez, Amanda (54788888200); Fernández-Sampedro, Marta (13403606000); Fernández, Ruth (57572394300); Fernández-Villa, Tania (6507520275); Fernández-Capitán, Carmen (6602688210); Carioca, Antonio Augusto F. (57235245000); Flores-Pérez, Patricia (16318749500); Fuenmayor-Hernández, Lácides (57572413900); Fuertes-Núñez, Marta (6504120964); Fumadó, Victoria (21933723700); Gadea, Ignacio (7004063328); Gagliardi, Lidia (57222275110); Gago-Domínguez, Manuela (6601947593); Gallego, Natalia (57219237576); Galoppo, Cristina (6508267509); García-Soidán, Ana (57218652438); García-Cerrada, Carlos (19933541200); García-de-Vicuña, Aitor (57218675371); Garcia-García, Josefina (57218767049); García-García, Irene (57198443783); García-Ibarbia, Carmen (34770241200); García-Montero, Andrés C. (6603714021); García, Leticia (57572394400); García, Mercedes (57572414000); García Torrejón, María Carmen (36924863600); García, Inés (58709878400); García-Vázquez, Elisa (7007039892); Garza-Frias, Emiliano (57572490500); Gentile, Angela (13005449800); Gil-Fournier, Belén (6507394176); de Araújo, Jéssica N. G. (59157834300); Gómez-Duque, Mario (35344882400); Gómez-Arrue, Javier (24481131700); Gómez Carrera, Luis (6506099482); Gómez García, María (59137730800); Gómez Sacristán, Ángela (59018359000); González-Neira, Anna (12242233900); González Álvarez, Beatriz (57214054612); González Bernaldo de Quirós, Fernán (57210766179); González-Montelongo, Rafaela (34167897100); González-Peñas, Javier (35336386500); Gonzalez-Sagrado, Manuel (6603026416); Gonzalo-Benito, Hugo (57224218741); Gorgojo-Galindo, Oscar (57219798777); Górgolas, Miguel (57202568166); Guaragna, Florencia (57572436000); Chaux, Jessica G. (57572373400); Guillén-Navarro, Encarna (57520723600); Guillén-Guío, Beatriz (56451202000); Guisado-Vasco, Pablo (31267452500); Gutiérrez-Castañeda, Luz D. (57193645788); Gutiérrez-Bautista, Juan F. (57220577306); Heili-Frades, Sara (23088292600); Jacomo, Rafael H. (57190276761); Hernández, Estefania (57572414400); Hernández-Moro, Cristina (59137110400); Hernández-Ortega, Luis D. (55497172700); Hernández-Pérez, Guillermo (57225984068); Hernández-Vaquero, Rebeca (57215784323); Herráez, Belén (26031428500); Herranz, M. Teresa (57204121947); Herrera, María (58191574100); Herrero, María José (35480204100); Herrero-González, Antonio (57222353719); Horcajada, Juan P. (7004469799); Imaz-Ayo, Natale (57195502450); Intxausti-Urrutibeaskoa, Maider (57572454900); Íñigo-Campos, Antonio (57217206247); Íñiguez, María (15753982700); Jara, Rubén (55224488300); Jiménez, Ángel (57572472600); Jiménez-Alfaro, Ignacio (6602083121); Jiménez, Pilar (58845485700); Jiménez-Sousa, María A. (36668651000); Jordan, Iolanda (57221356891); Laguna-Goya, Rocío (57193821855); Laorden, Daniel (57204314000); Lasa-Lázaro, María (57216611182); Lattig, María Claudia (9747814700); Lauriente, Ailen (57572394700); Liger Borja, Anabel (57966337800); Llanos, Lucía (57209735143); López-Bernús, Amparo (24401473900); Lopez-Garcia, Esther (7003647181); López-Granados, Eduardo (8270998000); Lopez-Rodriguez, Rosario (57192185609); López-Ruz, Miguel A. (6603671256); Lorente, Leonardo (7006927932); Lorenzo-Salazar, José M. (57202682041); Lozano, José E. (58549564400); Lozano-Espinosa, María (58303913300); Mahillo, Ignacio (57205129577); Mancebo, Esther (8711893700); Mar, Carmen (55962662000); Marcelo Calvo, Cristina (57216037481); Marcos-Delgado, Alba (57202736569); Marcos, Miguel (35452007400); Marín-Candón, Alicia (57225196170); Mariscal-Aguilar, Pablo (57217846204); Martin-Pedraza, Laura (57160130800); Martin-Fernandez, Marta (57193197353); Martín-López, Caridad (57572436100); Martín-Oterino, José-Ángel (6603535509); Martín, María Dolores (57572472700); Martín, Vicente (57627092300); Martín, María M. (7406972820); Martín-Vicente, María (57195738522); Martinez, Amalia (57223034057); Martínez-González, Óscar (6506083913); Martínez, Ricardo (57572436200); Martinez-Paz, Pedro (36608548700); Díaz-Caneja, Covadonga M. (56208998400); Martínez-Nieto, Óscar (20433883900); Martínez-López, Iciar (6506821632); Martínez-Reséndez, Michel F. (56148675300); Martínez, Silvia (58714849200); Martínez, Juan José (57199490281); Martínez-Pérez, Ángel (35386433500); Martínez-Ramas, Andrea (57190402291); Martínez-Robles, Violeta (56177764900); Marzal, Laura (57572394900); Mazzeu, Juliana F. (15077434900); Medrano, Francisco J. (36463920000); Meijome, Xose M. (48761703900); Mejuto-Montero, Natalia (57572472900); Mendes, Ingrid (57572395000); Duarte, Alice L. (57572395100); Méndez-Echevarría, Ana (16241818700); Mendoza Charris, Humberto (57200410108); Merayo Macías, Eleuterio (6505869043); Mercadillo, Fátima (12242614000); Mercado-Sesma, Arieh R. (55917456900); Mínguez, Pablo (12789314500); Molina-Roldán, Elena (57201801122); Molina, Antonio J. J. (58856357800); Montoya, Juan José (57572473000); Pinho, Susana M. T. (57572509000); Moreira-Escriche, Patricia (57223884851); Morelos-Arnedo, Xenia (57572455400); Moreno, Rocío (57572509100); Moreno Cuerda, Víctor (6507361161); Moreno-Docón, Antonio (23095162700); Moreno-Escalante, Junior (57572373700); Moreno Fernández, Alberto (57222568960); Muñoz García, Patricia (56204741800); Neira, Pablo (24328523200); Nevado, Julián (36780200300); Nieto-Gañán, Israel (57218644967); Silbiger, Vivian N. (28268026100); Nuñez-Torres, Rocío (35208896700); Obrador-Hevia, Antònia (16444388900); Ocejo-Vinyals, J. Gonzalo (6505818722); Olivar, Virginia (57572509200); Oliveira, Silviene F. (55942809600); Ondo, Lorena (57197718889); Orfao, Alberto (7102602445); Ortega-Paino, Eva (35084057400); Ortega, Luis (54888379200); Ortiz-López, Rocío (6603385591); Ortiz-Flores, Fernando (57209913446); Oteo, José A. (7006378242); Pacheco, Manuel (57572473100); Pacheco-Miranda, Fredy Javier (57572509300); Padilla-Conejo, Irene (59137730900); Panadero-Fajardo, Sonia (48561573700); Parellada, Mara (14040702000); Pariente-Rodríguez, Roberto (56966332300); Friaza, Vicente (15073656200); Paz-Artal, Estela (56517082000); Peces-Barba, Germán (6602094485); Pedromingo Kus, Miguel S. (57219342750); Perales, Celia (6602160096); Santos, Ney P. C. (8431946600); Guegel, Genilson P. (57572455500); Pérez, María Jazmín (59295715500); Pérez, Alexandra (57572436600); Pérez-Matute, Patricia (8563339700); Pérez, César (57206947344); Pérez-de-Nanclares, Gustavo (8568578800); Pérez-García, Felipe (57183927000); Pérez, Patricia (58549564700); Pérez-Tomás, M. Elena (57222178219); Perucho, Teresa (14322286200); Pichardo, Lisbeth A. (57572455600); Ribeiro, Adriana P. (58549646800); Pinsach-Abuin, Mel·lina (56815129200); Pinzón, Luz Adriana (57572491100); Medeiros, Jeane F. P. (57095557300); Pita, Guillermo (57191493187); Pla-Juncà, Francesc (57218316939); Planas-Serra, Laura (57212472385); Pompa-Mera, Ericka N. (8598281600); Porras-Hurtado, Gloria L. (56182014200); Pujol, Aurora (36148296400); Quevedo-Chávez, María Eugenia (59137350000); Quijada, Maria Angeles (57220870060); Ramiro-León, Soraya (54974346600); Rascado Sedes, Pedro (6507238021); Nunes, Joana F. R. (57572395400); Recalde, Delia (6603233348); Recio-Fernández, Emma (57192431545); Resino, Salvador (7004093259); Sousa, Renata R. (58549470400); Rivadeneira-Chamorro, Carlos S. (57572436900); Roa-Agudelo, Diana (57572473500); Robelo Pardo, Montserrat (59137816200); Fernandes, Marianne R. (55895351400); Rodríguez-Hernández, María A. (57516180700); Rodriguez-Palmero, Agustí (25723631300); Rodríguez-Ruiz, Emilio (57193897271); Rodriguez, Marilyn Johanna (58713974700); Rodríguez-Artalejo, Fernando (7005228364); Rodríguez-Ferrer, Marena (55009434700); Rodríguez-Gallego, Carlos (6602114379); Rodríguez-García, José A. (55235108900); Maya, Belén Rodríguez (57572509800); Rodriguez-Nicolas, Antonio (57201292167); Rodríguez-Novoa, German Ezequiel (59137816300); Rodriguez-Urrego, Paula A. (23006262800); Rojo, Federico (7005834144); Romero-Coronado, Andrea (57572374100); Morilla, Rubén (24449530100); Rondón-García, Filomeno (59137194400); Rosales-Castillo, Antonio (57192700815); Rubio, Cladelis (57572437000); Olivera, María Rubio (57572491500); Ruiz-Cabello, Francisco (35273077900); Ruiz-Casares, Eva (6507338588); Ruiz-Cubillan, Juan J. (57197773147); Ruiz-Hornillos, Javier (26639721700); Ruiz, Montserrat (8501573200); Ryan, Pablo (26432219100); Salamanca, Hector D. (57572510000); Salazar-García, Lorena (57203592937); Salgueiro-Origlia, Giorgina Gabriela (59137502900); Sangil, Anna (53064648900); Sánchez-Pernaute, Olga (56481546400); Sánchez, Pedro-Luis (57212873359); Sánchez López, Antonio J. (37665880200); Sánchez-Pablo, Clara (57202607305); Sánchez-Prados, María Concepción (59137194500); Sánchez-Real, Javier (59158362400); Sánchez-Redondo, Jorge (57056319900); Sancho-Sainz, Cristina (57572491600); Sande, Esther (57572395800); Santos, Arnoldo (37001074800); Schlüter, Agatha (7006811073); Segovia, Sonia (56583941800); Serra-Llovich, Alex (57572414700); Sevil-Puras, Fernando (56993854600); Sevilla-Porras, Marta (57966309500); Sicolo, Miguel A. (57191370168); Silván-Fuentes, Cristina (59137194600); Moraes, Vitor M. S. (57572510200); Souza, Vanessa S. (57572456000); Solé-Violán, Jordi (24391710100); Soria, José Manuel (55663457600); Sorlí, Jose V. (7004605575); Silva, Nayara S. (58380040900); Souto, Juan Carlos (57216332713); Sprockel, John J. (59157875200); Suárez-Rama, José Javier (54382375800); Suárez-Zamora, David A. (57192959245); Taboada-Fraga, Xiana (57224115039); Tamayo, Eduardo (58966272500); Tamayo-Velasco, Alvaro (57215419436); Taracido-Fernández, Juan Carlos (57221713270); Vasconcelos, Romero H. T. (23571229900); Tellería, Carlos (57572456100); Carratto, Thássia M. T. (57207795765); Tenorio-Castaño, Jair Antonio (56927936800); Teper, Alejandro (6603660317); Araujo, Izabel M. T. (57572473700); Torres-Macho, Juan (57650562500); Torres-Tobar, Lilian (57192413626); Torres-Gutiérrez, Ronald P. (57572395900); Troya, Jesús (16403416300); Urioste, Miguel (7003511749); Valencia-Ramos, Juan (57190219003); Valido, Agustín (57572374400); Vargas-Gallo, Juan Pablo (59137350100); Varón, Belén (57572414900); Vega, Tomas (6602775101); Velasco-Quirce, Santiago (57572374500); Vélez-Santamaría, Valentina (57208564096); Víctor, Virginia (57220085448); Vidán-Estévez, Julia (57330499300); Silva, Gabriela V. (57572374600); Vieitez-Santiago, Miriam (57205310290); Vilches, Carlos (16415975200); Villalobos, Lavinia (57572473900); Villar, Felipe (57221464109); Villar-Garcia, Judit (18435122900); Villaverde, Cristina (16032228000); Villoslada-Blanco, Pablo (57221414292); Virseda-Berdices, Ana (57217827238); Costa, Tatiana X. (57572491800); Yáñez, Zuleima (55311526300); Zapatero-Gaviria, Antonio (6602174776); Zarate, Ruth (57454343200); Zazo, Sandra (37099201000); Flores, Carlos (57216598385); Riancho, José A. (7005073770); Rojas-Martinez, Augusto (7004551916); Ángel, Carracedo (59137503000)","7004218993; 27567541300; 57564950400; 57216576986; 6507585235; 15722586200; 7102548402; 57214815403; 58506501800; 35069374200; 59264748100; 57224643285; 56517102500; 57213219123; 11739427700; 59137566300; 24398562700; 59264405800; 57572507600; 8689700800; 55295873400; 57572454200; 9239084600; 55098182600; 26643361700; 57205358097; 35197824300; 57215501494; 57966298000; 57572507700; 6507960732; 57572454400; 56748038900; 57572454500; 6506020522; 57193355469; 57572507800; 6508338058; 17343392600; 57572471600; 35725159400; 16834531500; 58191547900; 57210677495; 58998479700; 6602262777; 57572471700; 35236190100; 58994363900; 16743479700; 57225939871; 57572508000; 57015561600; 57218791765; 16642005200; 35785803100; 10039155200; 55851513000; 15847887500; 16835888500; 6603223429; 57192544461; 36899946400; 58714345600; 7006040163; 57208146191; 7004426039; 35591197900; 57193703059; 26029700700; 6508198510; 7102916409; 57572471800; 26532222600; 57572394000; 57204263827; 6505931040; 37039870100; 36766752000; 56641755600; 57572489700; 55995300800; 7006811261; 57572489800; 6602099919; 57194450886; 58549480900; 56536936500; 57572394100; 57572472000; 57572472100; 55327139200; 57572508200; 57218947590; 7003570538; 36909857900; 57386760300; 23984106100; 57572490100; 57572413500; 57572435300; 57572454700; 57572508400; 6603731653; 57221975895; 6508037635; 6603418394; 57223886857; 7101860531; 6603311903; 57027474500; 23097321600; 57189903518; 57225943844; 6506449948; 58968927000; 6603259408; 57202080159; 57193886355; 57572490200; 57217075717; 40261383900; 57305928800; 58163344000; 6701421100; 54385054300; 54879326100; 57190294944; 7003831102; 57220185062; 59284296000; 58714812200; 57216471618; 56670945300; 58519444700; 59137110300; 9271493500; 57572454800; 54788888200; 13403606000; 57572394300; 6507520275; 6602688210; 57235245000; 16318749500; 57572413900; 6504120964; 21933723700; 7004063328; 57222275110; 6601947593; 57219237576; 6508267509; 57218652438; 19933541200; 57218675371; 57218767049; 57198443783; 34770241200; 6603714021; 57572394400; 57572414000; 36924863600; 58709878400; 7007039892; 57572490500; 13005449800; 6507394176; 59157834300; 35344882400; 24481131700; 6506099482; 59137730800; 59018359000; 12242233900; 57214054612; 57210766179; 34167897100; 35336386500; 6603026416; 57224218741; 57219798777; 57202568166; 57572436000; 57572373400; 57520723600; 56451202000; 31267452500; 57193645788; 57220577306; 23088292600; 57190276761; 57572414400; 59137110400; 55497172700; 57225984068; 57215784323; 26031428500; 57204121947; 58191574100; 35480204100; 57222353719; 7004469799; 57195502450; 57572454900; 57217206247; 15753982700; 55224488300; 57572472600; 6602083121; 58845485700; 36668651000; 57221356891; 57193821855; 57204314000; 57216611182; 9747814700; 57572394700; 57966337800; 57209735143; 24401473900; 7003647181; 8270998000; 57192185609; 6603671256; 7006927932; 57202682041; 58549564400; 58303913300; 57205129577; 8711893700; 55962662000; 57216037481; 57202736569; 35452007400; 57225196170; 57217846204; 57160130800; 57193197353; 57572436100; 6603535509; 57572472700; 57627092300; 7406972820; 57195738522; 57223034057; 6506083913; 57572436200; 36608548700; 56208998400; 20433883900; 6506821632; 56148675300; 58714849200; 57199490281; 35386433500; 57190402291; 56177764900; 57572394900; 15077434900; 36463920000; 48761703900; 57572472900; 57572395000; 57572395100; 16241818700; 57200410108; 6505869043; 12242614000; 55917456900; 12789314500; 57201801122; 58856357800; 57572473000; 57572509000; 57223884851; 57572455400; 57572509100; 6507361161; 23095162700; 57572373700; 57222568960; 56204741800; 24328523200; 36780200300; 57218644967; 28268026100; 35208896700; 16444388900; 6505818722; 57572509200; 55942809600; 57197718889; 7102602445; 35084057400; 54888379200; 6603385591; 57209913446; 7006378242; 57572473100; 57572509300; 59137730900; 48561573700; 14040702000; 56966332300; 15073656200; 56517082000; 6602094485; 57219342750; 6602160096; 8431946600; 57572455500; 59295715500; 57572436600; 8563339700; 57206947344; 8568578800; 57183927000; 58549564700; 57222178219; 14322286200; 57572455600; 58549646800; 56815129200; 57572491100; 57095557300; 57191493187; 57218316939; 57212472385; 8598281600; 56182014200; 36148296400; 59137350000; 57220870060; 54974346600; 6507238021; 57572395400; 6603233348; 57192431545; 7004093259; 58549470400; 57572436900; 57572473500; 59137816200; 55895351400; 57516180700; 25723631300; 57193897271; 58713974700; 7005228364; 55009434700; 6602114379; 55235108900; 57572509800; 57201292167; 59137816300; 23006262800; 7005834144; 57572374100; 24449530100; 59137194400; 57192700815; 57572437000; 57572491500; 35273077900; 6507338588; 57197773147; 26639721700; 8501573200; 26432219100; 57572510000; 57203592937; 59137502900; 53064648900; 56481546400; 57212873359; 37665880200; 57202607305; 59137194500; 59158362400; 57056319900; 57572491600; 57572395800; 37001074800; 7006811073; 56583941800; 57572414700; 56993854600; 57966309500; 57191370168; 59137194600; 57572510200; 57572456000; 24391710100; 55663457600; 7004605575; 58380040900; 57216332713; 59157875200; 54382375800; 57192959245; 57224115039; 58966272500; 57215419436; 57221713270; 23571229900; 57572456100; 57207795765; 56927936800; 6603660317; 57572473700; 57650562500; 57192413626; 57572395900; 16403416300; 7003511749; 57190219003; 57572374400; 59137350100; 57572414900; 6602775101; 57572374500; 57208564096; 57220085448; 57330499300; 57572374600; 57205310290; 16415975200; 57572473900; 57221464109; 18435122900; 16032228000; 57221414292; 57217827238; 57572491800; 55311526300; 6602174776; 57454343200; 37099201000; 57216598385; 7005073770; 7004551916; 59137503000","Clonal chromosomal mosaicism and loss of chromosome Y in elderly men increase vulnerability for SARS-CoV-2","2024","Communications Biology","https://www.scopus.com/inward/record.uri?eid=2-s2.0-85185721685&doi=10.1038%2fs42003-024-05805-6&partnerID=40&md5=8ec6242fae378872410ea6d3b44bbebf","2-s2.0-85185721685"
"Rosa-Souza F.J.; Freire Y.A.; Galliano L.M.; Dalton-Alves F.; de Lima Pinto J.C.B.; Godtsfriedt C.E.S.; Delevatti R.S.; Gerage A.M.; Rech C.R.; Ritti-Dias R.M.; Costa E.C.","Rosa-Souza, Francisco José (58663832100); Freire, Yuri Alberto (57195151143); Galliano, Leony Morgana (57192684182); Dalton-Alves, Francisco (59196139200); de Lima Pinto, Júlio Cesar Barbosa (57202818823); Godtsfriedt, Carla Elane Silva (57700536800); Delevatti, Rodrigo Sudatti (56521543800); Gerage, Aline Mendes (24480946000); Rech, Cassiano Ricardo (26540860100); Ritti-Dias, Raphael Mendes (12240345000); Costa, Eduardo Caldas (24829393300)","58663832100; 57195151143; 57192684182; 59196139200; 57202818823; 57700536800; 56521543800; 24480946000; 26540860100; 12240345000; 24829393300","Association of physical symptoms with accelerometer-measured movement behaviors and functional capacity in individuals with Long COVID","2024","Scientific Reports","https://www.scopus.com/inward/record.uri?eid=2-s2.0-85203300642&doi=10.1038%2fs41598-024-71589-8&partnerID=40&md5=f8438064070b2a433a49350f7d0747f7","2-s2.0-85203300642"
"Coutinho M.G.F.; Câmara G.B.M.; Barbosa R.D.M.; Fernandes M.A.C.","Coutinho, Maria G. F. (57208260908); Câmara, Gabriel B. M. (57223853600); Barbosa, Raquel de M. (56649607000); Fernandes, Marcelo A. C. (7202947679)","57208260908; 57223853600; 56649607000; 7202947679","Utilizing chaos game representation for enhanced classification of SARS-CoV-2 variants with stacked sparse autoencoders","2024","Neural Computing and Applications","https://www.scopus.com/inward/record.uri?eid=2-s2.0-85200906142&doi=10.1007%2fs00521-024-10278-z&partnerID=40&md5=4043808ad467b575f02693b80241c245","2-s2.0-85200906142"
"Escribà-Salvans A.; Jerez-Roig J.; Farrés-Godayol P.; Bezerra de Souza D.L.; Skelton D.A.; Minobes-Molina E.","Escribà-Salvans, Anna (57223041501); Jerez-Roig, Javier (55210911300); Farrés-Godayol, Pau (57223052415); Bezerra de Souza, Dyego Leandro (58485136100); Skelton, Dawn A. (7006061461); Minobes-Molina, Eduard (57220130521)","57223041501; 55210911300; 57223052415; 58485136100; 7006061461; 57220130521","Health and sociodemographic determinants of excess mortality in Spanish nursing homes during the COVID-19 pandemic: a 2-year prospective longitudinal study","2024","Zeitschrift fur Gerontologie und Geriatrie","https://www.scopus.com/inward/record.uri?eid=2-s2.0-85190556683&doi=10.1007%2fs00391-024-02294-4&partnerID=40&md5=89bbf2a48678630ac61edd65330d58ff","2-s2.0-85190556683"
"Dias S.; Queiroz K.; Araujo A.","Dias, Samaherni (16177129200); Queiroz, Kurios (24831035000); Araujo, Aldayr (14015206500)","16177129200; 24831035000; 14015206500","Compartmental Nonlinear Epidemic Disease Model with Mixed Behavior","2024","Journal of Control, Automation and Electrical Systems","https://www.scopus.com/inward/record.uri?eid=2-s2.0-85197923193&doi=10.1007%2fs40313-024-01102-z&partnerID=40&md5=d8d32e6b741daceb8ef66bba3c566b83","2-s2.0-85197923193"
"da Silva O.L.T.; da Silva M.K.; Rodrigues-Neto J.F.; Santos Lima J.P.M.; Manzoni V.; Akash S.; Fulco U.L.; Bourhia M.; Dawoud T.M.; Nafidi H.-A.; Sitotaw B.; Akter S.; Oliveira J.I.N.","da Silva, Ohana Leticia Tavares (59124290800); da Silva, Maria Karolaynne (57318334300); Rodrigues-Neto, Joao Firmino (55628936300); Santos Lima, Joao Paulo Matos (16175747100); Manzoni, Vinicius (36601228000); Akash, Shopnil (59164238300); Fulco, Umberto Laino (6603387870); Bourhia, Mohammed (57207244684); Dawoud, Turki M. (50760942500); Nafidi, Hiba-Allah (57410853500); Sitotaw, Baye (56020864000); Akter, Shahina (56450436800); Oliveira, Jonas Ivan Nobre (36998071700)","59124290800; 57318334300; 55628936300; 16175747100; 36601228000; 59164238300; 6603387870; 57207244684; 50760942500; 57410853500; 56020864000; 56450436800; 36998071700","Advancing molecular modeling and reverse vaccinology in broad-spectrum yellow fever virus vaccine development","2024","Scientific Reports","https://www.scopus.com/inward/record.uri?eid=2-s2.0-85192906088&doi=10.1038%2fs41598-024-60680-9&partnerID=40&md5=051aa3c10dce5f50bcceeef6a62026cf","2-s2.0-85192906088"
